{
  "id" : "T9fa42134e09847eabd126b107d96011f",
  "name" : "Midnight Blue & Yellow",
  "rootUrl" : "/themeContent/themes/T9fa42134e09847eabd126b107d96011f/ctcb1659802324/content/",
  "version" : 4,
  "type" : "custom",
  "contentType" : "report",
  "baseThemeId" : "midnight2020",
  "styleData" : {
    "@GraphConfidence2PaletteColor" : "#e7b9b9",
    "@GraphConfidencePaletteColor" : "#b9cfe7",
    "@GraphErrorPaletteColor" : "#9d2e14",
    "@GraphFit2PaletteColor" : "#111",
    "@GraphFitPaletteColor" : "#111",
    "@GraphOverflowPaletteColor" : "#b381f5",
    "@GraphPaletteColor1" : "#2470AD",
    "@GraphPaletteColor2" : "#98863C",
    "@GraphPaletteColor3" : "#7DC3FC",
    "@GraphPaletteColor4" : "#FFCC32",
    "@GraphPaletteColor5" : "#C7E3F9",
    "@GraphPaletteColor6" : "#FCDD7C",
    "@GraphPaletteColor7" : "#E9ECEF",
    "@GraphPaletteColor8" : "#F9EDC6",
    "@GraphPredictionLimitsPaletteColor" : "#b9cfe7",
    "@GraphPredictionPaletteColor" : "#3d5aae",
    "@GraphUnderflowPaletteColor" : "#71e4da",
    "@alertColor" : "#d80000",
    "@baseLineFontSize" : "100%",
    "@baseLineFontSizeCore" : "16px",
    "@brandColor" : "#0378cd",
    "@fontFamilyOverride" : "AvenirNext~','",
    "@graphColorRampMissingPaletteColor" : "#7e7b7a",
    "@informationColor" : "#016dba",
    "@kpiPaletteRange1" : "#84414b",
    "@kpiPaletteRange3" : "#98863c",
    "@kpiPaletteRange5" : "#17785f",
    "@neutralColor" : "#fff",
    "@neutralColorThemeDesigner" : "#fff",
    "@primaryColor" : "#0378cd",
    "@primaryColorThemeDesigner" : "#0378cd",
    "@secondaryColorThemeDesigner" : "#0378cd",
    "@successColor" : "#0a7c12",
    "@warningColor" : "#916000"
  },
  "lastModifiedTimeStamp" : 1659802324783,
  "sourceModifiedTimeStamp" : 1659802288293,
  "publishedTimeStamp" : 1659802324783,
  "published" : true,
  "defaultTheme" : false,
  "hidden" : false,
  "createdFrameworkVersion" : "12.0",
  "updatedFrameworkVersion" : "12.6.0",
  "reportStyleSheetPath" : "/sas/hc/graph/reportThemes/T9fa42134e09847eabd126b107d96011f/graph.css",
  "htmlStyleSheetPath" : "/sas/hc/graph/reportThemes/T9fa42134e09847eabd126b107d96011f/sas_report.css",
  "reportStyleSheetName" : "graph.css",
  "htmlStyleSheetName" : "sas_report.css",
  "highContrastThemeId" : "highcontrast2020"
}