<?xml version="1.0" encoding="UTF-8" standalone="yes"?>
<metadataSupplement>
    <tables>
        <table dataLocale="en_US" dataSources="ds7" resourceIdentifier="'cas-shared-default','CASUSER','VADATA','en_US'" tableModifiedTimeStamp="2022-09-19T14:13:30.895Z">
            <columns>
                <column dataType="string" label="R_to" xref="R_to"/>
                <column dataType="string" label="id" xref="id"/>
                <column dataType="string" label="report" xref="report"/>
                <column dataType="string" label="column" xref="column"/>
                <column dataType="string" label="dataset" xref="dataset"/>
                <column dataType="string" label="library" xref="library"/>
                <column dataType="string" label="in_report_object" xref="in_report_object"/>
                <column dataType="string" label="in_calculated" xref="in_calculated"/>
                <column dataType="string" label="in_custom_category" xref="in_custom_category"/>
                <column dataType="string" label="in_hierarchy" xref="in_hierarchy"/>
                <column dataType="string" label="in_geo" xref="in_geo"/>
                <column dataType="string" label="in_primarykey" xref="in_primarykey"/>
                <column dataType="string" label="in_partition" xref="in_partition"/>
                <column dataType="string" label="in_editorproperties" xref="in_editorproperties"/>
                <column dataType="string" label="R_from" xref="R_from"/>
            </columns>
        </table>
        <table dataLocale="en_US" dataSources="ds25" resourceIdentifier="'cas-shared-default','CASUSER','VADATA_DATASET_RELATIONS','en_US'" tableModifiedTimeStamp="2022-09-19T14:44:26.183Z">
            <columns>
                <column dataType="string" label="id" xref="id"/>
                <column dataType="string" label="report" xref="report"/>
                <column dataType="string" label="R_from" xref="R_from"/>
                <column dataType="string" label="R_to" xref="R_to"/>
            </columns>
        </table>
        <table dataLocale="en_US" dataSources="ds32" resourceIdentifier="'cas-shared-default','CASUSER','VADATA_LIBRARY_RELATIONS','en_US'" tableModifiedTimeStamp="2022-09-19T14:44:26.205Z">
            <columns>
                <column dataType="string" label="id" xref="id"/>
                <column dataType="string" label="report" xref="report"/>
                <column dataType="string" label="R_from" xref="R_from"/>
                <column dataType="string" label="R_to" xref="R_to"/>
            </columns>
        </table>
        <table dataLocale="en_US" dataSources="ds593" resourceIdentifier="'cas-shared-default','CASUSER','VADATA_COLUMN_RELATIONS','en_US'" tableModifiedTimeStamp="2022-09-19T14:44:26.161Z">
            <columns>
                <column dataType="string" label="id" xref="id"/>
                <column dataType="string" label="report" xref="report"/>
                <column dataType="string" label="R_from" xref="R_from"/>
                <column dataType="string" label="R_to" xref="R_to"/>
            </columns>
        </table>
    </tables>
    <version>2</version>
</metadataSupplement>
