<?xml version="1.0" encoding="UTF-8" standalone="yes"?>
<reportPackage>
    <dataLevel>offline</dataLevel>
    <files>
        <file contentKey="5FMCDORK3L6CBYHMAXIZSHCRZV5NX6RD" name="report" type="report">
            <links>
                <link href="/report.xml" method="GET" rel="content" type="application/vnd.sas.report.content" uri="/report.xml"/>
            </links>
        </file>
        <file contentKey="AEEHBQOMYUDIIOIO6RLBI66PVYQZVGN3" name="basems1.css" type="css">
            <links>
                <link href="/css/basems1.css" method="GET" rel="content" type="text/css" uri="/css/basems1.css"/>
            </links>
        </file>
        <file contentKey="UXZXRUZ7XU7SAM5PNACOAXA4DSDBBRYG" name="theme-T9fa42134e09847eabd126b107d96011f.json" type="theme">
            <links>
                <link href="/css/theme-T9fa42134e09847eabd126b107d96011f.json" method="GET" rel="content" type="application/vnd.sas.theme.report.complete+json" uri="/css/theme-T9fa42134e09847eabd126b107d96011f.json"/>
            </links>
        </file>
        <file contentKey="RUBEAFOKUPC6YIOA4CHSCHYYUAPXKR26" name="highcontrast.css" type="css">
            <links>
                <link href="/css/highcontrast.css" method="GET" rel="content" type="text/css" uri="/css/highcontrast.css"/>
            </links>
        </file>
        <file contentKey="ZYHRHHQNWUHRT3NJFKPTWBCSCCGT47Y3" name="ms1.css" type="css">
            <links>
                <link href="/css/ms1.css" method="GET" rel="content" type="text/css" uri="/css/ms1.css"/>
            </links>
        </file>
        <file contentKey="UUQNCLC2EW62V6QVC57QTHTEXOSX32ZK" name="dd52.csv" type="data">
            <links>
                <link href="/data/dd52.csv" method="GET" rel="content" type="text/csv" uri="/data/dd52.csv"/>
            </links>
        </file>
        <file contentKey="QZ5KFFVEE7ZFFCYSWLNOZARA7LOL5IBI" name="dd52index.csv" type="data">
            <links>
                <link href="/data/dd52index.csv" method="GET" rel="content" type="text/csv" uri="/data/dd52index.csv"/>
            </links>
        </file>
        <file contentKey="MSIAIE7QORTZGNFGCMTYYAKNSEHXFPPF" name="dd49.csv" type="data">
            <links>
                <link href="/data/dd49.csv" method="GET" rel="content" type="text/csv" uri="/data/dd49.csv"/>
            </links>
        </file>
        <file contentKey="PL4WQV6DFFT6LRUNX7LWRKAOSKRCNYSB" name="dd49index.csv" type="data">
            <links>
                <link href="/data/dd49index.csv" method="GET" rel="content" type="text/csv" uri="/data/dd49index.csv"/>
            </links>
        </file>
        <file contentKey="QRS4SNOY6OBZSLN3J342DEHSFEPQNF3B" name="dd152.csv" type="data">
            <links>
                <link href="/data/dd152.csv" method="GET" rel="content" type="text/csv" uri="/data/dd152.csv"/>
            </links>
        </file>
        <file contentKey="PL4WQV6DFFT6LRUNX7LWRKAOSKRCNYSB" name="dd152index.csv" type="data">
            <links>
                <link href="/data/dd152index.csv" method="GET" rel="content" type="text/csv" uri="/data/dd152index.csv"/>
            </links>
        </file>
        <file contentKey="2LEM6OQ6ZDFSR5S4D6HC7RODXNKIVKVE" name="dd260.csv" type="data">
            <links>
                <link href="/data/dd260.csv" method="GET" rel="content" type="text/csv" uri="/data/dd260.csv"/>
            </links>
        </file>
        <file contentKey="CA7H2XNRXPYWTLGIFFK36R6VX2PEHTAR" name="dd260index.csv" type="data">
            <links>
                <link href="/data/dd260index.csv" method="GET" rel="content" type="text/csv" uri="/data/dd260index.csv"/>
            </links>
        </file>
        <file contentKey="YR5CVMKYAKOSIFRZLBSERPLFIK6UCYRH" name="dd355.csv" type="data">
            <links>
                <link href="/data/dd355.csv" method="GET" rel="content" type="text/csv" uri="/data/dd355.csv"/>
            </links>
        </file>
        <file contentKey="EPXR4R4ATC4KNAOTPX7X5KOEHZFUFLFQ" name="dd355index.csv" type="data">
            <links>
                <link href="/data/dd355index.csv" method="GET" rel="content" type="text/csv" uri="/data/dd355index.csv"/>
            </links>
        </file>
        <file contentKey="RISGVGD6VIJBAU2D5EON4KMKSAHQ54CU" name="dd360.csv" type="data">
            <links>
                <link href="/data/dd360.csv" method="GET" rel="content" type="text/csv" uri="/data/dd360.csv"/>
            </links>
        </file>
        <file contentKey="2QLXXNACTI5WIAJEQQYE772QSLE6AVSS" name="dd360index.csv" type="data">
            <links>
                <link href="/data/dd360index.csv" method="GET" rel="content" type="text/csv" uri="/data/dd360index.csv"/>
            </links>
        </file>
        <file contentKey="4EKT52YQWRFGGDKL55M374ROH6RSGVZM" name="dd462.csv" type="data">
            <links>
                <link href="/data/dd462.csv" method="GET" rel="content" type="text/csv" uri="/data/dd462.csv"/>
            </links>
        </file>
        <file contentKey="PLI3QCFKRYXQW4LWIBPBECSZCKK5KVRW" name="dd462index.csv" type="data">
            <links>
                <link href="/data/dd462index.csv" method="GET" rel="content" type="text/csv" uri="/data/dd462index.csv"/>
            </links>
        </file>
        <file contentKey="KSHSTOPEDGRMPB4TF3S27POYLFUUASNK" name="dd549.csv" type="data">
            <links>
                <link href="/data/dd549.csv" method="GET" rel="content" type="text/csv" uri="/data/dd549.csv"/>
            </links>
        </file>
        <file contentKey="RCNVSVJKRHI4FE5M455RN7MOVGBWLEDG" name="dd549index.csv" type="data">
            <links>
                <link href="/data/dd549index.csv" method="GET" rel="content" type="text/csv" uri="/data/dd549index.csv"/>
            </links>
        </file>
        <file contentKey="JI52YAGVJAWPHELPKEJ2KPQE6XP5D6XC" name="dd621.csv" type="data">
            <links>
                <link href="/data/dd621.csv" method="GET" rel="content" type="text/csv" uri="/data/dd621.csv"/>
            </links>
        </file>
        <file contentKey="ENBEOEDEEHIUZHYENN4K6LV6ZXZ5LZ7I" name="dd621index.csv" type="data">
            <links>
                <link href="/data/dd621index.csv" method="GET" rel="content" type="text/csv" uri="/data/dd621index.csv"/>
            </links>
        </file>
        <file contentKey="RFAGNXXWALFI72HUSBMZGWAHQVJSYYCA" name="dd622.csv" type="data">
            <links>
                <link href="/data/dd622.csv" method="GET" rel="content" type="text/csv" uri="/data/dd622.csv"/>
            </links>
        </file>
        <file contentKey="QKCIPBQ6R6BJPRRJSQIJ6OVFWTAA3NBU" name="dd622index.csv" type="data">
            <links>
                <link href="/data/dd622index.csv" method="GET" rel="content" type="text/csv" uri="/data/dd622index.csv"/>
            </links>
        </file>
        <file contentKey="7A4L6KTO4WGUWYAN5RKUCBXPZ2BLJLWC" name="dd866.csv" type="data">
            <links>
                <link href="/data/dd866.csv" method="GET" rel="content" type="text/csv" uri="/data/dd866.csv"/>
            </links>
        </file>
        <file contentKey="YPPLK7XOJBS46HFAJJ2ZVFZ62XOZ7LFK" name="dd866index.csv" type="data">
            <links>
                <link href="/data/dd866index.csv" method="GET" rel="content" type="text/csv" uri="/data/dd866index.csv"/>
            </links>
        </file>
        <file contentKey="CM3IVYTNEQKJQNK6BL3ZCZTMVQAICXU6" name="dd876.csv" type="data">
            <links>
                <link href="/data/dd876.csv" method="GET" rel="content" type="text/csv" uri="/data/dd876.csv"/>
            </links>
        </file>
        <file contentKey="TWPZJ2ZY4TPL5W2QEJDD4SBPAQ5LBXMR" name="dd876index.csv" type="data">
            <links>
                <link href="/data/dd876index.csv" method="GET" rel="content" type="text/csv" uri="/data/dd876index.csv"/>
            </links>
        </file>
        <file contentKey="RFAGNXXWALFI72HUSBMZGWAHQVJSYYCA" name="dd883.csv" type="data">
            <links>
                <link href="/data/dd883.csv" method="GET" rel="content" type="text/csv" uri="/data/dd883.csv"/>
            </links>
        </file>
        <file contentKey="QKCIPBQ6R6BJPRRJSQIJ6OVFWTAA3NBU" name="dd883index.csv" type="data">
            <links>
                <link href="/data/dd883index.csv" method="GET" rel="content" type="text/csv" uri="/data/dd883index.csv"/>
            </links>
        </file>
        <file contentKey="QTVCNT3AVLZ4CAWVDP5HZQV5ZR3MFRA2" name="dd730.csv" type="data">
            <links>
                <link href="/data/dd730.csv" method="GET" rel="content" type="text/csv" uri="/data/dd730.csv"/>
            </links>
        </file>
        <file contentKey="STDWH5RH6ZDAOW7P25IPVSH6LZBJFA6Q" name="dd730index.csv" type="data">
            <links>
                <link href="/data/dd730index.csv" method="GET" rel="content" type="text/csv" uri="/data/dd730index.csv"/>
            </links>
        </file>
        <file contentKey="7XDFUGQLQCIEYFK7FUEHFJG2MBCKVSUV" name="dd740.csv" type="data">
            <links>
                <link href="/data/dd740.csv" method="GET" rel="content" type="text/csv" uri="/data/dd740.csv"/>
            </links>
        </file>
        <file contentKey="KTXI7XOPZP7BKB6H7LYBCNXTGHYBEXK3" name="dd740index.csv" type="data">
            <links>
                <link href="/data/dd740index.csv" method="GET" rel="content" type="text/csv" uri="/data/dd740index.csv"/>
            </links>
        </file>
        <file contentKey="RFAGNXXWALFI72HUSBMZGWAHQVJSYYCA" name="dd747.csv" type="data">
            <links>
                <link href="/data/dd747.csv" method="GET" rel="content" type="text/csv" uri="/data/dd747.csv"/>
            </links>
        </file>
        <file contentKey="QKCIPBQ6R6BJPRRJSQIJ6OVFWTAA3NBU" name="dd747index.csv" type="data">
            <links>
                <link href="/data/dd747index.csv" method="GET" rel="content" type="text/csv" uri="/data/dd747index.csv"/>
            </links>
        </file>
        <file contentKey="FRQDNNFDRSZGLBGMQDJM7LK7NUJ6SNJR" name="dd1012.csv" type="data">
            <links>
                <link href="/data/dd1012.csv" method="GET" rel="content" type="text/csv" uri="/data/dd1012.csv"/>
            </links>
        </file>
        <file contentKey="PHPC4JGL4ZCGEXSPMPEPKR5YWC7XIYC6" name="dd1012index.csv" type="data">
            <links>
                <link href="/data/dd1012index.csv" method="GET" rel="content" type="text/csv" uri="/data/dd1012index.csv"/>
            </links>
        </file>
        <file contentKey="62VI7KMX46PWVNHXXJAFQASC4MFTW6U2" name="dd1038.csv" type="data">
            <links>
                <link href="/data/dd1038.csv" method="GET" rel="content" type="text/csv" uri="/data/dd1038.csv"/>
            </links>
        </file>
        <file contentKey="BIZE3KEQMJOEXSYPX3OIGJETIYKNHR2S" name="dd1038index.csv" type="data">
            <links>
                <link href="/data/dd1038index.csv" method="GET" rel="content" type="text/csv" uri="/data/dd1038index.csv"/>
            </links>
        </file>
        <file contentKey="5KORW7LWAF3DWKN73HR6CIJAWQFFYX3F" name="dd1144.csv" type="data">
            <links>
                <link href="/data/dd1144.csv" method="GET" rel="content" type="text/csv" uri="/data/dd1144.csv"/>
            </links>
        </file>
        <file contentKey="63WHMFXWIPMDWTWJNX5PCEYVAPTANXGX" name="dd1144index.csv" type="data">
            <links>
                <link href="/data/dd1144index.csv" method="GET" rel="content" type="text/csv" uri="/data/dd1144index.csv"/>
            </links>
        </file>
        <file contentKey="UACC2GPUTKWPP32WUKD572DN7SBPRJGJ" name="dd1019.csv" type="data">
            <links>
                <link href="/data/dd1019.csv" method="GET" rel="content" type="text/csv" uri="/data/dd1019.csv"/>
            </links>
        </file>
        <file contentKey="QKCIPBQ6R6BJPRRJSQIJ6OVFWTAA3NBU" name="dd1019index.csv" type="data">
            <links>
                <link href="/data/dd1019index.csv" method="GET" rel="content" type="text/csv" uri="/data/dd1019index.csv"/>
            </links>
        </file>
        <file contentKey="XYMRU4OT7QG3BVGV7KWABE3RWZASLKY7" name="metadataSupplement" type="resource">
            <links>
                <link href="/metadataSupplement.xml" method="GET" rel="content" type="application/vnd.sas.report.metadata.supplement" uri="/metadataSupplement.xml"/>
            </links>
        </file>
        <file contentKey="X74NXWE4CLBZI7M4SANLZCCAEXOV6KYE" name="packageStatusReport.txt" type="status">
            <links>
                <link href="/packageStatusReport.txt" method="GET" rel="content" type="text/plain" uri="/packageStatusReport.txt"/>
            </links>
        </file>
        <file contentKey="IQALPX6DQRUBQQGVDNS6Y3YXSNZWGXWV" name="index.html" type="html">
            <links>
                <link href="/index.html" method="GET" rel="content" type="text/html" uri="/index.html"/>
            </links>
        </file>
        <file contentKey="4GPANEZB5ZCOHPRNJSQQNA4AZDIVV4WC" name="packageIndex.html" type="html">
            <links>
                <link href="/packageIndex.html" method="GET" rel="content" type="text/html" uri="/packageIndex.html"/>
            </links>
        </file>
        <file contentKey="BWROC6RONUB2WXACLZCC2ROAGSKFAOOJ" name="viyafonts.css" type="css">
            <links>
                <link href="/css/viyafonts.css" method="GET" rel="content" type="text/css" uri="/css/viyafonts.css"/>
            </links>
        </file>
        <file contentKey="Q4I6KQ5CXZYSWD2D6ZXUR6HSSNLBMMHQ" name="settings" type="resource">
            <links>
                <link href="/settings.json" method="GET" rel="content" type="application/vnd.sas.attributes" uri="/settings.json"/>
            </links>
        </file>
    </files>
    <formatLocale>en-US</formatLocale>
    <generatedTimeStamp>2022-09-19T15:12:53.121Z</generatedTimeStamp>
    <id>o_14ee00c4-1ce9-4a62-b977-9f27d690e7aa</id>
    <links>
        <link href="/reportPackages/packages/o_14ee00c4-1ce9-4a62-b977-9f27d690e7aa" method="GET" rel="self" type="application/vnd.sas.report.package" uri="/reportPackages/packages/o_14ee00c4-1ce9-4a62-b977-9f27d690e7aa"/>
        <link href="/reportData/results?reportContentKey=YACNHQZLM4D5UZFV5T7PW3Y3HIUOEGEB&amp;reportUri=%2Freports%2Freports%2Fffc1783c-7e1c-47ff-a5d7-162e2c727182&amp;reportDate=2022-09-19T15%3A12%3A53.121Z" method="POST" rel="requery" responseType="application/vnd.sas.report.results" type="application/vnd.sas.report.query.state" uri="/reportData/results?reportContentKey=YACNHQZLM4D5UZFV5T7PW3Y3HIUOEGEB&amp;reportUri=%2Freports%2Freports%2Fffc1783c-7e1c-47ff-a5d7-162e2c727182&amp;reportDate=2022-09-19T15%3A12%3A53.121Z"/>
        <link href="/reportData/jobs?reportContentKey=YACNHQZLM4D5UZFV5T7PW3Y3HIUOEGEB&amp;reportUri=%2Freports%2Freports%2Fffc1783c-7e1c-47ff-a5d7-162e2c727182&amp;reportDate=2022-09-19T15%3A12%3A53.121Z" method="POST" rel="requeryJob" responseType="application/vnd.sas.report.data.job" type="application/vnd.sas.report.query.state" uri="/reportData/jobs?reportContentKey=YACNHQZLM4D5UZFV5T7PW3Y3HIUOEGEB&amp;reportUri=%2Freports%2Freports%2Fffc1783c-7e1c-47ff-a5d7-162e2c727182&amp;reportDate=2022-09-19T15%3A12%3A53.121Z"/>
    </links>
    <locale>en-US</locale>
    <modifiedTimeStamp>2022-09-19T15:11:59.025Z</modifiedTimeStamp>
    <size>2012626</size>
    <source>/reports/reports/ffc1783c-7e1c-47ff-a5d7-162e2c727182</source>
    <version>26</version>
    <warnings>result,limitedInteractivity</warnings>
</reportPackage>
